id,message
chat-001,Help me draft a polite email asking for a project update
chat-002,Explain recursion using a simple cooking analogy
chat-003,Summarize the benefits of taking short walking breaks
chat-004,Give me five ideas for a team retro question
chat-005,Rewrite this sentence to sound more direct and professional
chat-006,What are practical ways to organize personal notes
chat-007,Help me plan a focused two hour study session
chat-008,Explain why sleep matters for learning
chat-009,Suggest a simple weekly meal planning routine
chat-010,Give me a checklist for reviewing a pull request
chat-011,Help me brainstorm names for a small budgeting app
chat-012,Explain APIs to a non technical manager
chat-013,Write a short agenda for a product planning meeting
chat-014,How can I reduce context switching during work
chat-015,Create a short packing list for a weekend trip
chat-016,Explain the difference between goals and systems
chat-017,Give me a concise thank you note for an interview
chat-018,Help me make a decision matrix for buying a laptop
chat-019,Summarize how habit tracking can go wrong
chat-020,Write a friendly reminder about an overdue invoice
chat-021,Explain caching in plain language
chat-022,Suggest three ways to make meetings shorter
chat-023,Give me a one paragraph bio for a software engineer
chat-024,Help me prepare questions for a design review
chat-025,Explain tradeoffs between speed and quality
chat-026,Create a quick morning planning template
chat-027,Write a calm response to a frustrated customer
chat-028,Explain what a database index does
chat-029,Give me ideas for documenting a small service
chat-030,Help me phrase feedback to a teammate
chat-031,Summarize why backups are important
chat-032,Create a simple budget category list
chat-033,Explain rate limiting with an example
chat-034,Write a short announcement for a maintenance window
chat-035,Help me structure a learning roadmap for Go
chat-036,Explain technical debt without jargon
chat-037,Give me a checklist for launching a small website
chat-038,Write a concise status update for leadership
chat-039,Explain observability in simple terms
chat-040,Help me turn vague requirements into clear tasks
